{"x": [[3.5675564476972323, "0/96"], [1.955966375422008, "10/167"], [1.6248333801916288, "10/380"], [1.1, "11/134"], [1.1, "12/395"], [1.1, "12/426"], [1.8688670047696208, "12/92"], [1.4311329952303795, "13/185"], [1.4311329952303795, "14/450"], [1.1, "15/348"], [2.554441224207311, "16/268"], [1.4311329952303795, "16/386"], [1.1, "17/196"], [1.1, "17/293"], [1.1, "18/135"], [1.1, "2/238"], [1.1, "2/392"], [1.4311329952303795, "2/469"], [1.1, "24/265"], [1.7622659904607587, "26/302"], [1.1, "28/466"], [1.4311329952303795, "28/478"], [1.1, "28/80"], [1.1, "29/159"], [1.4311329952303795, "29/403"], [1.6248333801916288, "29/62"], [1.1, "3/215"], [1.4311329952303795, "30/360"], [1.955966375422008, "31/433"], [1.1, "31/55"], [1.1, "32/89"], [1.7622659904607587, "33/198"], [1.1, "33/330"], [1.1, "33/386"], [1.1, "33/471"], [1.4311329952303795, "35/41"], [1.4311329952303795, "36/435"], [1.1, "37/15"], [1.1, "38/57"], [1.1, "4/140"], [1.1, "41/473"], [1.6248333801916288, "43/434"], [1.1, "43/492"], [1.1, "44/283"], [1.25, "44/424"], [1.4311329952303795, "45/426"], [1.4311329952303795, "47/412"], [2.554441224207311, "48/199"], [1.1, "49/28"], [2.25, "49/497"], [1.6262874945799766, "5/4"], [1.1, "50/105"], [1.4311329952303795, "50/492"], [1.4311329952303795, "51/345"], [1.1, "54/164"], [1.7622659904607587, "54/219"], [2.4, "54/82"], [2.0296078440156826, "55/191"], [1.4311329952303795, "56/27"], [3.0867979713822757, "6/409"], [1.1, "61/252"], [1.8688670047696208, "62/395"], [2.3788624837399293, "65/491"], [3.121017875205207, "66/279"], [1.7622659904607587, "68/311"], [1.1, "68/474"], [3.6961844950135783, "69/144"], [1.1, "69/386"], [1.955966375422008, "7/159"], [1.1, "7/470"], [1.7622659904607587, "70/220"], [1.1, "71/149"], [1.4311329952303795, "71/270"], [2.25, "72/214"], [1.15, "73/329"], [1.8423689900271565, "73/91"], [1.1, "74/404"], [2.0448739379411895, "74/424"], [1.1, "8/204"]], "x'": [[1.1, "37/15"]], "x's": [[1.1, "6/409"]], "x+3": [[1.1, "69/144"]], "x+epsilon": [[1.1, "56/27"]], "x,9": [[1.1, "68/311"]], "x-": [[1.1, "1/136"], [1.1, "28/389"]], "x-1": [[1.4311329952303795, "0/469"], [1.4311329952303795, "2/392"]], "x-coordinate": [[1.1, "41/473"], [1.4311329952303795, "57/117"]], "x-epsilon": [[1.1, "56/27"]], "x-index": [[1.35, "54/82"]], "x-one": [[1.1, "12/43"]], "x-rated": [[1.1, "28/478"]], "x-value": [[1.1, "62/490"]], "x-values": [[1.1, "66/279"]], "x-windows": [[1.1, "33/471"]], "x-www-form-urlencoded": [[1.1, "33/471"]], "x-y": [[1.1, "41/473"], [1.1, "45/423"]], "x.": [[2.4245319809215173, "20/20"], [2.8377619562784915, "43/318"], [1.25, "73/399"]], "x.400": [[1.1, "6/21"]], "x.500": [[1.25, "1/136"], [2.6811329952303797, "15/286"], [1.1, "31/442"], [1.1, "58/94"], [1.1, "62/395"]], "x.509": [[1.6248333801916288, "15/286"]], "x.y": [[1.4311329952303795, "12/426"]], "x/open": [[2.0296078440156826, "43/318"]], "x/y/z": [[1.1, "51/73"]], "x0z": [[1.1, "28/389"]], "x1": [[1.1, "0/469"], [1.1, "19/251"], [1.4311329952303795, "34/471"], [1.4311329952303795, "69/144"]], "x1z": [[1.1, "28/389"]], "x2": [[1.4311329952303795, "69/144"]], "x2z": [[1.1, "28/389"]], "x3z": [[1.1, "28/389"]], "x46188": [[1.1, "1/476"], [1.1, "10/384"], [1.1, "16/299"], [1.1, "21/263"], [1.1, "24/243"], [1.1, "25/330"], [1.1, "36/221"], [1.1, "39/157"], [1.1, "39/179"], [1.1, "47/328"], [1.1, "55/15"], [1.1, "55/261"], [1.1, "57/177"], [1.1, "63/431"], [1.1, "67/180"], [1.1, "71/485"], [1.1, "73/7"]], "x4z": [[1.1, "28/389"]], "x509-1_0": [[1.15, "15/286"]], "x5z": [[1.1, "28/389"]], "x86": [[1.1, "45/110"], [1.1, "73/329"]], "x=1": [[1.1, "55/191"]], "x^": [[1.4311329952303795, "2/392"]], "x^2": [[1.1, "49/497"]], "x^3": [[1.1, "49/497"]], "x^3+5": [[1.1, "69/144"]], "x_": [[1.15, "49/497"]], "xadl": [[3.7034938135161015, "52/177"], [2.874833380191629, "65/485"]], "xanadu": [[1.1, "30/360"]], "xarchscript": [[2.35, "52/177"]], "xbt_gtool": [[1.1, "32/89"]], "xcap": [[1.15, "28/211"]], "xcolors": [[1.1, "68/474"]], "xcontent": [[1.1, "42/179"]], "xcoord": [[1.4311329952303795, "69/144"]], "xemacs": [[1.1, "2/420"], [2.581132995230379, "2/457"], [1.25, "26/114"], [1.6248333801916288, "67/176"]], "xen": [[1.15, "25/400"]], "xentt": [[1.15, "25/400"], [1.15, "28/211"]], "xerox": [[1.1, "1/69"], [2.1496667603832575, "10/407"], [2.0296078440156826, "14/2"], [1.6248333801916288, "16/412"], [1.25, "17/395"], [1.1, "20/300"], [2.874833380191629, "21/104"], [1.955966375422008, "24/142"], [1.1, "27/199"], [2.35, "30/148"], [1.4311329952303795, "30/360"], [1.6248333801916288, "35/209"], [1.1, "37/121"], [1.1, "40/246"], [1.1, "40/396"], [1.1, "45/307"], [1.1, "48/214"], [1.1, "48/419"], [1.1, "5/338"], [1.1, "52/217"], [1.1, "54/286"], [1.6248333801916288, "55/190"], [1.1, "61/223"], [1.4311329952303795, "61/315"], [1.1, "62/24"], [1.1, "62/395"], [1.1, "68/204"], [1.4311329952303795, "7/368"], [2.25, "71/467"]], "xfa": [[1.1, "30/360"]], "xfdl": [[1.4311329952303795, "30/360"]], "xfer": [[1.1, "28/389"]], "xfers": [[1.1, "28/389"]], "xform": [[4.738553485040736, "30/360"], [1.1, "33/471"]], "xforms": [[2.2870993706523874, "30/360"], [2.874833380191629, "33/471"]], "xhtml": [[1.4311329952303795, "30/360"], [1.1, "33/198"], [1.1, "33/471"]], "xhtml\u2122": [[1.1, "30/360"], [1.1, "33/471"]], "xi": [[2.0933989856911377, "20/20"], [1.4311329952303795, "56/180"]], "xia": [[1.1, "49/14"]], "xianping": [[1.7622659904607587, "16/412"]], "xiao": [[1.1, "16/412"]], "xii": [[1.955966375422008, "20/20"]], "xiii": [[1.4311329952303795, "20/20"]], "xin": [[2.0025749891599527, "43/77"]], "xinning": [[1.4311329952303795, "51/401"]], "xiv": [[1.4311329952303795, "20/20"]], "xlink": [[2.6, "21/223"], [1.35, "30/31"], [1.25, "30/50"], [1.1, "33/198"], [1.35, "54/483"], [1.25, "6/73"], [2.6, "66/339"]], "xlinkit": [[3.4955319536740475, "52/177"]], "xlinkit-archstudio": [[1.4311329952303795, "52/177"]], "xll": [[1.1, "34/147"]], "xml": [[1.25, "0/138"], [2.6811329952303797, "1/136"], [1.25, "12/206"], [1.4311329952303795, "12/280"], [1.6262874945799766, "14/295"], [1.8688670047696208, "15/286"], [2.6811329952303797, "16/297"], [2.9762874945799767, "16/480"], [1.35, "19/125"], [2.7556649761518965, "19/455"], [1.6262874945799766, "2/132"], [1.1, "2/457"], [1.1, "21/394"], [1.35, "23/370"], [3.2511208747716056, "26/253"], [2.6, "26/48"], [1.1, "26/89"], [1.25, "28/139"], [1.35, "28/164"], [1.7622659904607587, "29/96"], [1.25, "3/67"], [1.25, "30/219"], [2.360740839246062, "30/360"], [1.1, "31/442"], [3.35, "33/198"], [1.7622659904607587, "33/471"], [3.1796078440156825, "34/147"], [3.196401568399578, "34/225"], [1.25, "36/348"], [1.25, "36/488"], [3.580799755613637, "39/156"], [1.8688670047696208, "4/447"], [1.4311329952303795, "40/246"], [1.1, "42/445"], [1.25, "45/90"], [1.25, "46/342"], [5.47348011238488, "47/108"], [1.1, "48/214"], [1.25, "48/232"], [1.846401568399578, "49/165"], [6.161938705009715, "5/338"], [1.25, "50/264"], [1.25, "51/173"], [3.2796078440156826, "51/73"], [1.955966375422008, "52/177"], [1.6262874945799766, "54/318"], [1.25, "54/97"], [2.9762874945799767, "55/256"], [1.25, "55/314"], [1.1, "57/156"], [1.7622659904607587, "57/55"], [1.6262874945799766, "6/73"], [1.35, "62/362"], [1.7622659904607587, "62/395"], [1.35, "64/317"], [1.25, "65/375"], [2.6, "65/441"], [1.1, "65/485"], [1.25, "66/94"], [1.1, "67/176"], [1.25, "67/259"], [1.6262874945799766, "69/317"], [2.5311329952303794, "69/386"], [1.7622659904607587, "69/424"], [1.25, "7/51"], [1.35, "72/386"], [1.846401568399578, "72/7"], [1.6262874945799766, "74/203"], [2.6, "8/331"], [1.35, "9/38"]], "xml-based": [[1.7622659904607587, "52/177"]], "xml-centric": [[1.1, "33/198"]], "xml-coded": [[1.1, "62/395"]], "xml-enhanced": [[1.25, "49/197"]], "xml-lang": [[1.35, "1/144"], [1.35, "16/65"], [2.6, "18/378"], [1.35, "2/305"], [1.35, "38/425"], [2.6, "38/47"], [2.6, "4/217"], [2.6, "48/232"]], "xml-path": [[1.1, "39/156"]], "xml-rpc": [[1.1, "62/395"]], "xml-space": [[1.4311329952303795, "47/108"], [1.4311329952303795, "5/338"]],