{"z": [[1.6986894429276116, "0/96"], [1.4311329952303795, "10/380"], [1.4311329952303795, "14/81"], [1.1, "16/412"], [1.1, "2/238"], [1.1, "24/265"], [1.6248333801916288, "26/302"], [1.4311329952303795, "28/478"], [1.25, "3/491"], [1.1, "33/386"], [1.1, "35/41"], [2.2, "39/156"], [2.8968153011375453, "43/318"], [1.25, "44/424"], [1.6262874945799766, "5/4"], [2.4, "5/439"], [2.25, "69/144"], [1.1, "69/65"], [1.6248333801916288, "7/159"], [1.1, "7/470"], [1.1, "7/83"], [1.15, "72/214"], [2.4, "72/279"], [1.4311329952303795, "72/373"], [1.1, "73/105"], [1.1, "73/91"], [1.1, "74/404"]], "z-index": [[1.35, "5/439"]], "z.": [[1.1, "0/392"], [1.25, "43/77"], [1.1, "72/214"]], "z39.50": [[1.25, "3/491"], [1.1, "31/442"], [1.4311329952303795, "39/156"]], "z84": [[1.1, "56/180"]], "z95": [[1.6248333801916288, "49/497"]], "zachary": [[2.25, "33/90"], [1.8688670047696208, "7/325"], [1.1, "7/488"]], "zaddtoface": [[1.4961844950135783, "49/497"]], "zaddtuples": [[1.4961844950135783, "49/497"]], "zaire": [[1.1, "7/451"]], "zak": [[3.475337687537521, "20/20"]], "zakopane": [[1.4311329952303795, "20/20"]], "zaks": [[1.1, "20/20"]], "zali": [[3.2996667603832575, "20/20"]], "zallfaces": [[1.4961844950135783, "49/497"]], "zalltuples": [[1.6986894429276116, "49/497"]], "zalman": [[1.1, "20/20"]], "zalman6": [[2.581132995230379, "20/20"]], "zany": [[1.1, "34/194"]], "zap": [[1.1, "26/259"], [1.1, "35/74"]], "zarki": [[1.35, "15/239"], [1.35, "25/189"]], "zborov": [[1.955966375422008, "20/20"], [1.1, "41/95"]], "zeal": [[1.1, "8/183"]], "zealand": [[1.4311329952303795, "22/494"], [2.25, "36/285"]], "zealous-ly": [[1.1, "28/478"]], "zealously": [[1.1, "68/121"]], "zebo": [[1.25, "43/77"]], "zebrecen": [[1.1, "41/95"]], "zeesa": [[1.1, "41/95"]], "zeesel": [[1.1, "20/20"]], "zeesha": [[2.0296078440156826, "41/95"]], "zeeshka": [[1.1, "20/20"]], "zeeshka7": [[1.1, "20/20"]], "zeide": [[1.1, "41/95"]], "zeidenberg": [[1.15, "33/330"], [1.15, "43/492"], [1.15, "49/28"]], "zeil": [[1.1, "55/479"]], "zelda": [[1.1, "20/20"]], "zelenski": [[1.1, "26/302"]], "zelesnik": [[1.25, "21/193"], [2.8377619562784915, "43/318"]], "zelig": [[2.0933989856911377, "20/20"]], "zelig4": [[3.1059663754220077, "20/20"]], "zelig5": [[2.25, "20/20"]], "zelikovsky": [[1.1, "72/214"]], "zelinski": [[1.1, "60/206"]], "zelkowitz": [[1.1, "53/142"]], "zen": [[1.1, "14/11"]], "zeng": [[1.25, "43/77"]], "zephyr": [[1.7622659904607587, "14/11"]], "zerhusen": [[1.1, "27/22"], [1.1, "33/420"], [1.1, "71/363"]], "zerlegung": [[1.1, "74/404"]], "zero": [[1.1, "1/403"], [1.4311329952303795, "10/155"], [1.1, "10/230"], [1.1, "10/301"], [3.273501985257536, "13/130"], [1.1, "13/185"], [1.7622659904607587, "13/32"], [2.1237125054200234, "14/425"], [2.2870993706523874, "15/233"], [2.7986894429276115, "15/289"], [1.1, "15/62"], [2.4534938135161015, "16/205"], [2.2870993706523874, "16/268"], [1.7622659904607587, "16/386"], [2.2, "17/196"], [1.4311329952303795, "18/51"], [1.1, "19/365"], [1.4311329952303795, "2/469"], [1.7622659904607587, "20/115"], [1.7622659904607587, "21/224"], [1.25, "21/492"], [2.0025749891599527, "24/126"], [1.1, "24/243"], [3.6961844950135783, "24/265"], [2.25, "25/197"], [1.4311329952303795, "25/336"], [1.4311329952303795, "26/221"], [1.4311329952303795, "26/259"], [1.4311329952303795, "26/302"], [1.4311329952303795, "26/305"], [1.1, "27/237"], [1.1, "28/398"], [1.1, "28/466"], [1.4311329952303795, "28/478"], [1.6248333801916288, "29/159"], [2.927317490243958, "29/205"], [2.0025749891599527, "29/319"], [2.3788624837399293, "29/341"], [1.4311329952303795, "29/403"], [2.6182323658827666, "29/62"], [1.6248333801916288, "29/70"], [1.4311329952303795, "30/226"], [1.1, "31/275"], [1.1, "31/442"], [1.4311329952303795, "31/77"], [2.2, "33/295"], [1.1, "33/69"], [1.1, "34/445"], [3.1796078440156825, "35/209"], [1.1, "35/341"], [1.1, "35/439"], [2.746184495013578, "35/71"], [3.0188670047696204, "35/74"], [1.6248333801916288, "36/133"], [3.3235228231192404, "36/285"], [1.4311329952303795, "36/411"], [3.9207164759350954, "37/153"], [3.7832838656659655, "37/179"], [1.1, "37/415"], [1.1, "38/164"], [1.4311329952303795, "38/278"], [2.4245319809215173, "39/156"], [2.927317490243958, "39/230"], [1.1, "39/288"], [3.741716448687626, "4/298"], [1.4311329952303795, "4/391"], [1.1, "41/229"], [1.15, "41/424"], [1.1, "42/249"], [3.7832838656659655, "43/434"], [3.6458512553968356, "43/98"], [3.6, "44/335"], [1.4311329952303795, "44/459"], [1.1, "47/339"], [1.7622659904607587, "47/412"], [2.6377340095392414, "48/199"], [1.1, "48/454"], [1.1, "48/471"], [1.1, "48/71"], [1.6248333801916288, "49/114"], [1.1, "49/373"], [1.25, "49/422"], [4.863245787160095, "49/441"], [3.822191428185148, "49/497"], [2.1496667603832575, "5/218"], [2.0933989856911377, "5/338"], [1.1, "5/398"], [1.25, "5/4"], [2.0025749891599527, "50/406"], [1.1, "51/261"], [3.9508194755014934, "51/355"], [1.8688670047696208, "52/217"], [1.1, "52/269"], [1.4311329952303795, "52/347"], [1.955966375422008, "54/219"], [1.25, "54/99"], [1.8688670047696208, "55/191"], [1.1, "55/261"], [1.1, "56/180"], [1.6248333801916288, "57/268"], [1.1, "58/36"], [1.4311329952303795, "58/424"], [1.4311329952303795, "58/454"], [1.1, "58/490"], [1.1, "59/169"], [1.1, "6/21"], [2.1496667603832575, "60/206"], [3.9137409427108105, "60/367"], [2.1496667603832575, "60/455"], [1.4311329952303795, "61/142"], [1.4311329952303795, "61/146"], [1.1, "61/223"], [2.6377340095392414, "61/25"], [1.4311329952303795, "63/155"], [1.1, "64/329"], [1.1, "65/130"], [3.604634980487915, "65/149"], [2.25, "65/228"], [1.4311329952303795, "65/282"], [1.1, "66/369"], [1.1, "66/396"], [1.1, "67/180"], [1.25, "67/238"], [1.1, "67/34"], [1.1, "68/311"], [4.580701615536119, "68/474"], [3.5437003849612494, "69/144"], [1.1, "69/319"], [1.7622659904607587, "69/386"], [1.7622659904607587, "69/424"], [1.4311329952303795, "69/46"], [1.4311329952303795, "70/201"], [2.2, "70/220"], [1.1, "70/330"], [1.8688670047696208, "70/40"], [1.4311329952303795, "70/442"], [1.25, "70/489"], [1.1, "71/327"], [1.8688670047696208, "71/432"], [2.5961844950135786, "71/467"], [1.15, "72/220"], [1.15, "72/279"], [1.7622659904607587, "72/373"], [1.4311329952303795, "73/311"], [2.581132995230379, "73/329"], [1.1, "73/484"], [1.1, "73/494"], [1.4311329952303795, "74/138"], [3.8722122660468523, "74/258"], [1.4311329952303795, "8/198"], [2.0025749891599527, "8/224"], [1.4311329952303795, "9/407"]], "zero point eight": [[1.4311329952303795, "40/132"]], "zero point eight four one four five three": [[1.1, "33/295"]], "zero point eight three five seven": [[1.1, "33/295"]], "zero point eight three six eight one nine": [[1.1, "33/295"]], "zero point five": [[2.0933989856911377, "12/45"], [1.1, "15/233"], [1.1, "2/382"], [1.1, "48/71"]], "zero point five eight seven": [[1.1, "33/295"]], "zero point five two eight three": [[1.1, "33/295"]], "zero point four": [[1.4311329952303795, "15/233"], [2.1237125054200234, "29/341"], [1.1, "48/199"]], "zero point four five eight five one one": [[1.1, "33/295"]], "zero point four two six five": [[1.1, "33/295"]], "zero point nine": [[1.1, "31/442"], [1.1, "32/343"], [1.6248333801916288, "73/484"]], "zero point one": [[1.1, "12/426"], [1.7622659904607587, "15/233"], [1.1, "21/104"], [2.1237125054200234, "29/341"], [1.1, "38/447"], [1.1, "4/298"], [1.1, "43/98"], [1.15, "49/497"], [1.25, "72/442"]], "zero point one eight": [[1.4311329952303795, "15/233"]], "zero point one four": [[1.4311329952303795, "15/233"]], "zero point one four seven seven zero nine": [[1.1, "33/295"]], "zero point one six five nine one four": [[1.1, "33/295"]], "zero point one six five six six three": [[1.1, "33/295"]], "zero point one six zero five": [[1.1, "33/295"]], "zero point one three": [[1.8688670047696208, "33/295"]], "zero point one three four eight seven five": [[1.1, "33/295"]], "zero point one two": [[1.4311329952303795, "15/233"], [1.1, "48/454"]], "zero point seven": [[1.1, "34/261"], [1.6248333801916288, "40/132"]],